phone_number,first_name,last_name,agent_id
2135551001,James,Wilson,agent_101
3105551042,Maria,Garcia,agent_102
4155551183,Robert,Chen,agent_103
6465551274,Sarah,Johnson,agent_101
7185551395,David,Kim,agent_102
8185551406,Emily,Patel,agent_103
9175551527,Michael,Brown,agent_101
2125551638,Lisa,Nguyen,agent_102
3235551749,Daniel,Martinez,agent_103
5105551850,Jennifer,Lee,agent_101
6265551961,Andrew,Taylor,agent_102
7325552072,Sophia,Anderson,agent_103
8455552183,Kevin,Thomas,agent_101
9145552294,Rachel,Jackson,agent_102
2015552305,Brian,White,agent_103
3125552416,Amanda,Harris,agent_101
4085552527,Steven,Clark,agent_102
5035552638,Nicole,Lewis,agent_103
6025552749,Christopher,Walker,agent_101
7145552850,Megan,Hall,agent_102
8055552961,Joshua,Allen,agent_103
9255553072,Ashley,Young,agent_101
2065553183,Matthew,King,agent_102
3015553294,Lauren,Wright,agent_103
4125553405,Ryan,Lopez,agent_101
5155553516,Stephanie,Hill,agent_102
6175553627,Jason,Scott,agent_103
7085553738,Samantha,Green,agent_101
8125553849,Tyler,Adams,agent_102
9035553950,Heather,Baker,agent_103
2135554061,Patrick,Nelson,agent_101
3105554172,Christina,Carter,agent_102
4155554283,Gregory,Mitchell,agent_103
6465554394,Rebecca,Perez,agent_101
7185554405,Justin,Roberts,agent_102
8185554516,Amber,Turner,agent_103
9175554627,Brandon,Phillips,agent_101
2125554738,Kayla,Campbell,agent_102
3235554849,Aaron,Parker,agent_103
5105554950,Brittany,Evans,agent_101
6265555061,Zachary,Edwards,agent_102
7325555172,Hannah,Collins,agent_103
8455555283,Nathan,Stewart,agent_101
9145555394,Victoria,Sanchez,agent_102
2015555405,Adam,Morris,agent_103
3125555516,Melissa,Rogers,agent_101
4085555627,Jacob,Reed,agent_102
5035555738,Alexis,Cook,agent_103
6025555849,Ethan,Morgan,agent_101
7145555950,Olivia,Bell,agent_102
8055556061,Dylan,Murphy,agent_103
9255556172,Abigail,Bailey,agent_101
2065556283,Logan,Rivera,agent_102
3015556394,Grace,Cooper,agent_103
4125556405,Lucas,Richardson,agent_101
5155556516,Chloe,Cox,agent_102
6175556627,Mason,Howard,agent_103
7085556738,Lily,Ward,agent_101
8125556849,Owen,Torres,agent_102
9035556950,Ella,Peterson,agent_103
2135557061,Caleb,Gray,agent_101
3105557172,Zoe,Ramirez,agent_102
4155557283,Isaac,James,agent_103
6465557394,Natalie,Watson,agent_101
7185557405,Jack,Brooks,agent_102
8185557516,Madeline,Kelly,agent_103
9175557627,Luke,Sanders,agent_101
2125557738,Avery,Price,agent_102
3235557849,Connor,Bennett,agent_103
5105557950,Hailey,Wood,agent_101
6265558061,Liam,Barnes,agent_102
7325558172,Aria,Ross,agent_103
8455558283,Noah,Henderson,agent_101
9145558394,Scarlett,Coleman,agent_102
2015558405,Carter,Jenkins,agent_103
3125558516,Layla,Perry,agent_101
4085558627,Henry,Powell,agent_102
5035558738,Mila,Long,agent_103
6025558849,Sebastian,Patterson,agent_101
7145558950,Riley,Hughes,agent_102
8055559061,Leo,Flores,agent_103
9255559172,Nora,Washington,agent_101
2065559283,Julian,Butler,agent_102
3015559394,Ellie,Simmons,agent_103
4125559405,Gabriel,Foster,agent_101
5155559516,Penelope,Gonzales,agent_102
6175559627,Lincoln,Bryant,agent_103
7085559738,Maya,Alexander,agent_101
8125559849,Hudson,Russell,agent_102
9035559950,Violet,Griffin,agent_103
2135550061,Wyatt,Diaz,agent_101
3105550172,Aurora,Hayes,agent_102
4155550283,Miles,Myers,agent_103
6465550394,Stella,Ford,agent_101
7185550405,Ezra,Hamilton,agent_102
8185550516,Ruby,Graham,agent_103
9175550627,Asher,Sullivan,agent_101
2125550738,Ivy,Wallace,agent_102
3235550849,Jaxon,West,agent_103
5105550950,Willow,Cole,agent_101
